{"stats":{"minecraft:picked_up":{"minecraft:porkchop":3,"minecraft:rotten_flesh":2,"minecraft:dirt":9},"minecraft:custom":{"minecraft:jump":37,"minecraft:time_since_rest":28537,"minecraft:damage_dealt":1086,"minecraft:leave_game":1,"minecraft:sprint_one_cm":2263,"minecraft:play_time":28537,"minecraft:time_since_death":28537,"minecraft:walk_one_cm":3714,"minecraft:sneak_time":16,"minecraft:total_world_time":28537,"minecraft:mob_kills":9,"minecraft:fall_one_cm":209,"minecraft:fly_one_cm":6630},"minecraft:used":{"minecraft:netherite_sword":14,"minecraft:zombie_spawn_egg":7},"minecraft:killed":{"minecraft:pig":2,"minecraft:zombie":5},"minecraft:mined":{"minecraft:grass":1,"minecraft:grass_block":9}},"DataVersion":2975}